city_slug,neighborhood_slug,full_price
ahvaz,amaniyeh-ahvaz,3944.7619047619046
ahvaz,ariyashahr,4050.5128205
ahvaz,baharestan-ahvaz,2734.7123456777776
ahvaz,bahonar,3046.067950259928
ahvaz,camplojonoobi,3660.011454742268
ahvaz,camploshomali,3542.348484848485
ahvaz,cantex,1973.4737305304348
ahvaz,daghagheleh,3112.6608184210527
ahvaz,farhangian,2357.408333326923
ahvaz,farhangshahr-ahvaz,3148.177083416667
ahvaz,fooladshahr-ahvaz,3901.928689880597
ahvaz,golestan-ahvaz,4305.548859595365
ahvaz,hasirabad,2108.948148146667
ahvaz,kianabad,6081.658203954955
ahvaz,kianpars,6994.441561405439
ahvaz,kianshahr,2919.7374533728325
ahvaz,koorosh,3954.1171853386586
ahvaz,kooy-e-modarres,5016.333333333333
ahvaz,kooyealavi,2608.2033630301507
ahvaz,kooyenaft,5531.388888888889
ahvaz,kooyramezan,2432.75252525
ahvaz,kut-abdollah,2485.6654393099416
ahvaz,lashkarabad,4488.461538461538
ahvaz,mahdis,1735.8635477573098
ahvaz,mellirah,5231.576923076923
ahvaz,moeinzadeh,2148.7777777750002
ahvaz,nabovvat,3629.214285714286
ahvaz,naderi,3486.916142556604
ahvaz,newsite,7797.5
ahvaz,padad-phase-2,3601.799756818182
ahvaz,padadshahr,4341.812949640288
ahvaz,padadshahr-phase-1,3488.6451612903224
ahvaz,pardis-ahvaz,1730.948210918644
ahvaz,piroozi,6582.222222222223
ahvaz,resalat,2687.7432659924243
ahvaz,saddastgah,3453.7154368091606
ahvaz,sepidar,2486.4262014060605
ahvaz,shahrak-e-aghajari,2912.974358974359
ahvaz,shahrak-e-haffari,5211.875
ahvaz,shahrakdaneshgah,2920.663530237209
ahvaz,shahraknaft,5041.25
ahvaz,shariatijonoobi,3434.142156862745
ahvaz,sisad-dastgah,3325.793650785714
ahvaz,soltanmanesh,4120.782608695652
ahvaz,taleghani,4099.446808510638
ahvaz,yoosefi,3327.0370370333335
ahvaz,zergan,1962.418501527523
ahvaz,zeytunkargari,2513.395833328125
ahvaz,zeytunkarmandi,5251.009706715217
ahvaz,zibashahr-ahvaz,3520.032679735294
bandar-anzali,abbas-abad-bandar-e-anzali,6800.0
bandar-anzali,ansar-alhosein,3785.0
bandar-anzali,beshman,1875.0
bandar-anzali,chaharfarize,6021.4444444
bandar-anzali,emamzadeh,7680.5555555
bandar-anzali,golsorkh,2500.0
bandar-anzali,jahangani,6628.333333333333
bandar-anzali,jazireh,2222.222222
bandar-anzali,kelivar,2800.0
bandar-anzali,lichargi-hasan-rud,1600.0
bandar-anzali,moallem,4500.0
bandar-anzali,nime-shaban,3550.0
bandar-anzali,parastar-bandar-e-anzali,3900.0
bandar-anzali,pardis-bandar-e-anzali,3450.0
bandar-anzali,pasdaran-bandar-e-anzali,6578.0
bandar-anzali,saberhanan,11000.0
bandar-anzali,shaliur,1650.0
bandar-anzali,si-metri,4900.0
bandar-anzali,torbeh-gudeh,3500.0
isfahan,24-metri,3855.09364548495
isfahan,abbasabad,10823.4375
isfahan,abr,5064.688888888889
isfahan,abshar-isfahan,5379.504612909747
isfahan,afaran,5727.1875
isfahan,ahmad-abad-isfahan,5968.5
isfahan,aineh-khaneh,9363.045454545454
isfahan,amin-abad,1507.459974625
isfahan,amiriyeh-isfahan,7553.333333333333
isfahan,andevan,2808.181818181818
isfahan,ardaji,3600.1111111
isfahan,arghavanieh,4342.44162519403
isfahan,asgariyeh-isfahan,7537.173913043478
isfahan,ashegh-abad,2532.7083333333335
isfahan,azadan,6341.428571428572
isfahan,azadegan-isfahan,4153.333333714286
isfahan,azar-isfahan,8936.393442622952
isfahan,babukan,3303.5172413793102
isfahan,bagh-daryacheh,9611.743295011494
isfahan,bagh-fadak,4017.691635455056
isfahan,bagh-ferdows-isfahan,3978.3333333333335
isfahan,bagh-ghadir,9255.204545454546
isfahan,bagh-negar,10643.333333333334
isfahan,bagh-zereshk,10318.193548612902
isfahan,bagh-ziar,7262.037037035087
isfahan,baghoush-khaneh,2954.25
isfahan,bahar-azadi,11203.0
isfahan,baharan-isfahan,2859.0476190476193
isfahan,baharestan-esfahan,2859.5527273129387
isfahan,bahram-abad,2034.7
isfahan,barazandeh,4972.326484042105
isfahan,batoun,2493.7272727272725
isfahan,bazougah,6684.628378378378
isfahan,bazzar,6220.85
isfahan,berelian,3830.294117647059
isfahan,bidabad,6415.876736109375
isfahan,bishe-habib,11157.142857142857
isfahan,bisim-isfahan,9263.75
isfahan,bozorgmehr,8243.663316582915
isfahan,buzan,4600.0
isfahan,chaharbaghkhajoo,7768.2471909999995
isfahan,charkhab,9807.142857142857
isfahan,darb-e-sibeh,4692.0
isfahan,dashtestan,8206.882677708074
isfahan,dastgerd,4722.969348655172
isfahan,dastgerd-e-qadaadeh,4368.765432
isfahan,dastgerdeh,6040.416666666667
isfahan,dehno,6974.722222214286
isfahan,denart,3516.6666666666665
isfahan,derak,2100.0
isfahan,dolat-abad-isfahan,2828.461660869792
isfahan,dorcheh,3062.658303462366
isfahan,doteflan,3572.8571428571427
isfahan,elyderan,7218.793103448276
isfahan,emam-jafar-sadegh-town,12985.0
isfahan,eshragh,5243.7645287506775
isfahan,fardovan,3252.75
isfahan,farhang-isfahan,6587.826086956522
isfahan,farhangian-isfahan,8963.75
isfahan,farhangiyan-town,1725.0
isfahan,farvardin,3846.375
isfahan,fath-abad,8023.181818181818
isfahan,ferdos,10500.0
isfahan,fizadan,5663.333333333333
isfahan,gabr-abad,9956.0
isfahan,gavart,2568.6229221338585
isfahan,gaz,3280.132716049383
isfahan,ghaemiyeh,3846.6780045306123
isfahan,ghale-bertianchi,5550.370370333333
isfahan,ghale-nou,2868.529411764706
isfahan,ghale-tabre,6062.0
isfahan,golbahar-isfahan,7574.0
isfahan,golestan-isfahan,4102.735294117647
isfahan,golmohammadi,6044.9390680967745
isfahan,golzar-isfahan,6261.746030190476
isfahan,gurtan,4902.857142857143
isfahan,haftoon,4502.176470588235
isfahan,hamedaniyan,6568.2
isfahan,hashtbehesht,6664.052730694915
isfahan,hemat-abad,5167.1957671904765
isfahan,hesseh,2753.214285714286
isfahan,histan,6453.333333333333
isfahan,hoseinabad,7292.609819116279
isfahan,isfahan-university-of-technology,7168.0
isfahan,jaber-ansari,7789.124338623809
isfahan,janiran,2582.8571428571427
isfahan,jarvakan,2278.282894736842
isfahan,javan-e-bala,4728.2
isfahan,javan-e-paein,5206.0
isfahan,jelvan,2205.0
isfahan,jey-Shir,6749.181818181818
isfahan,jolfa,8896.480974219177
isfahan,joubareh,4202.958214538462
isfahan,jowzdan,3757.060606060606
isfahan,kalman,5623.0
isfahan,kalmh-khvaran,9395.0
isfahan,kangaz,5405.833333333333
isfahan,kerdabad,4413.636363636364
isfahan,kesare,4051.75
isfahan,keshavarzi,5047.692307692308
isfahan,khalaja,5849.413793103448
isfahan,khaneesfahan,5842.295815555195
isfahan,khatoonabad,3600.0
isfahan,khiadan,2232.0
isfahan,khomeinishahr,3953.458049882653
isfahan,khoram,6120.121261977778
isfahan,kian,1443.0
isfahan,kojan,3255.3968253968255
isfahan,kouleh-parcheh,9402.1875
isfahan,kuy-emam,7354.444444444444
isfahan,kuy-golzar,6923.321428571428
isfahan,kuy-shahid-keshvari,4606.132163736843
isfahan,ladan-isfahan,4281.6875
isfahan,lale,4239.609609608108
isfahan,lemjir,3342.757575757576
isfahan,lonban,7347.069767441861
isfahan,mahale-now,6091.666666666667
isfahan,mahaleh-sofla,4029.5454545454545
isfahan,mahmoodiyeh-isfahan,7977.857142857143
isfahan,mahmud-abad,7426.666666666667
isfahan,malek,5612.7189542352935
isfahan,malekshahr,4394.5122138271845
isfahan,marchin,3835.2051282051284
isfahan,mardavich,11326.728971962617
isfahan,marnan,9754.181818327272
isfahan,mehr-abad,10854.533333333333
isfahan,miremad,5785.625
isfahan,mobarake,2275.2557011048034
isfahan,modarres-isfahan,4238.5142450128205
isfahan,mofatteh,6921.09393939394
isfahan,mohammad-abad,1437.5
isfahan,mohammad-taher,3413.076923076923
isfahan,monarjonban,5012.5
isfahan,moshtaghsevvom,7061.172839513889
isfahan,naqshe-jahan,6590.0
isfahan,naser-khosro,1993.3333333333333
isfahan,nasr-abad-isfahan,6513.888888888889
isfahan,nazband,7018.571428571428
isfahan,nazhvan,8916.411331860927
isfahan,negarestan,5191.527777777027
isfahan,nourbaran,9911.041666666666
isfahan,oman-samani,1879.0833333333333
isfahan,pa-ghalea,3909.0476190476193
isfahan,paeen-darvazeh,5125.0
isfahan,partman,4146.894736842105
isfahan,pinart,4342.685185166666
isfahan,pozveh,5380.25641023077
isfahan,radan,2534.5023148125
isfahan,rahim-abad,3718.4228395000005
isfahan,raran,4429.315789473684
isfahan,razmandegan,6222.471218192771
isfahan,rehnan,4687.85501354878
isfahan,resalat-isfahan,3628.0000000408168
isfahan,roknodowleh,6323.523809523809
isfahan,roshan-dasht,4998.324947584906
isfahan,saadat-abad-isfahan,11502.931034482759
isfahan,sadaf-isfahan,4735.774006
isfahan,sajjadieh-isfahan,6664.8
isfahan,sanjavamareh,5750.0
isfahan,sattar,3817.0
isfahan,sepahan-lane,7338.125
isfahan,sepahanshahr,5539.006704978448
isfahan,shafagh,4948.250841742424
isfahan,shahid-rajaee,5819.533333333334
isfahan,shahishabad,6232.2875
isfahan,shahrak-elahiyeh,5167.761904761905
isfahan,shahrak-imam-hossein-isfahan,3645.4166666666665
isfahan,shahrak-kaveh,3953.266355140187
isfahan,shahrak-kowsar,3455.7476459491527
isfahan,shahrak-mahdieh,3909.809523809524
isfahan,shahrak-milad,3849.0453159019607
isfahan,shahrak-shahid-montazeri,5455.0
isfahan,shahrak-valiasr-isfahan,7370.027397260274
isfahan,shahrak-zayandeh,3750.7422222200003
isfahan,shahrestan,7869.827586206897
isfahan,shahreza,2576.6600133325182
isfahan,shahriyar-isfahan,6195.12030075188
isfahan,shahshahan,4945.428571428572
isfahan,shahzyed,10760.666666666666
isfahan,sheykh-sadough,9334.184273751678
isfahan,sheykh-yousef,8742.5
isfahan,sichan,9214.464285714286
isfahan,soffeh,5802.4521072758625
isfahan,soltan-abad,2800.0
isfahan,soodan,2953.75
isfahan,sudan-zeinabiyeh,2367.1794871794873
isfahan,takht-foulad,7518.75
isfahan,talar,7243.424390239024
isfahan,tameh,6335.892857142857
isfahan,tiran,3984.2007393551403
isfahan,toghchi,4189.210727965517
isfahan,vahid-isfahan,7927.0
isfahan,valiasr-town,3224.56597221875
isfahan,veldan,4241.666666666667
isfahan,yazd-abad,4170.51282051282
isfahan,zahran,8148.229166666667
isfahan,zarinshahr,2749.813044374233
isfahan,zavan,3500.0
isfahan,zeynabieh,2670.1785714285716
karaj,350-metri,2949.189189189189
karaj,Baraghan,4668.554373521277
karaj,abrisham,2278.634210149813
karaj,ahadabad,2626.0714285714284
karaj,akbarabad,1724.0
karaj,akhgarabad,2141.5588235294117
karaj,akhtarabad,1387.4183006470587
karaj,andishehnewcity,2423.886181569562
karaj,aq-tappeh,3067.3312368962265
karaj,asadabad-karaj,3484.3333333333335
karaj,aseman-town,5992.95
karaj,azadegan,4143.636888888
karaj,azimieh,8473.723091405476
karaj,baghestan,4716.748601020581
karaj,bahar-karaj,5781.639344672131
karaj,baharestan-industrial-town,5566.086956521739
karaj,banafsheh,5488.937261799472
karaj,chaharsad-dastgah-karaj,4037.55
karaj,chaman,8913.152173913044
karaj,dehghanvilla,5027.115740740196
karaj,derakhti,4805.421052631579
karaj,dowlatabad-karaj,3535.3333333333335
karaj,esfahaniha,5404.2642450128205
karaj,eslamabad,2344.0
karaj,ettehad,6216.546511627907
karaj,gohardasht,7173.17142825313
karaj,goldasht,3475.050505045455
karaj,golestan-karaj,5376.434126982143
karaj,golha,3335.4444444444443
karaj,golshahr,4006.264950216981
karaj,golshahrvila,4683.802536228261
karaj,haftetir-karaj,5163.738888888889
karaj,hesarak,2417.879127332298
karaj,hosseinabad,3354.6530612244896
karaj,hyderabad,1780.893682681818
karaj,jahan-nama,4471.795846815534
karaj,jahanshahr,7065.878019322464
karaj,kalak,3172.0588235294117
karaj,kalak-no,3370.621693119048
karaj,kamalshahr,3637.029411764706
karaj,karaj-no,2312.282419126582
karaj,khorramdasht,1598.3007084261744
karaj,kianmehr,3735.61522633642
karaj,kuy-bahar,3139.184210526316
karaj,kuy-emamiyeh,4442.5263888875
karaj,kuy-farhang,3853.9615384615386
karaj,kuy-farhangian-karaj,4890.294117647059
karaj,kuy-mehr,7490.275956278689
karaj,kuy-modarres-karaj,4962.1752577319585
karaj,kuy-zanbaq,4558.816186555556
karaj,mahmodabad,3802.818181818182
karaj,malard,3823.8206799842274
karaj,malekabad-karaj,2033.7219373205128
karaj,manzarieh,2708.540455
karaj,marlik,1846.132320306613
karaj,mehrshahr,4383.286268502297
karaj,mehrshahr-2,8250.440366972478
karaj,mehrshahr-3,7228.200047058823
karaj,mehrshahr-5,5195.523809523809
karaj,mehrshar-1,8763.532346831777
karaj,mehrvilla,6254.000788021276
karaj,mesbah,4084.0392156862745
karaj,meshkindasht,3327.4578981257255
karaj,north-kuy-karmandan,7303.24444444
karaj,owjtown,4133.181818181818
karaj,pishahangi,2517.844827586207
karaj,raazi-town,3333.3333333333335
karaj,rajababad,4309.611111
karaj,samandehi,4147.630876348172
karaj,sassani,3820.1858974358975
karaj,shabanabad,3046.740740740741
karaj,shahinvilla,3242.121239606803
karaj,shahrak-alborz,2483.151515151515
karaj,shahrak-ali-ebn-abitaleb,6409.6875
karaj,shahrak-imam-reza,2299.763693267606
karaj,shahrak-nahal-va-bazr,5158.6875
karaj,shahrak-ostadan,6382.5
karaj,shahrak-sohrabiyeh,1381.6
karaj,shahrak-yas,3439.5
karaj,shahrak-zafar,1600.0
karaj,shahrake-fahmideh,3742.1844444400003
karaj,shahriar-karaj,4040.0883838311693
karaj,south-kuy-karmandan,4898.385714265306
karaj,taleqani-karaj,4432.274509803921
karaj,vahdattown,3860.4113924050635
karaj,valiasr-karaj,4119.829268292683
lahijan,ahandan,1628.6
lahijan,amir-shahid,3960.0
lahijan,bazkiya-gurab,3400.0
lahijan,bojaye,4000.0
lahijan,enqelab-lahijan,4500.0
lahijan,golestan-lahijan,3971.0
lahijan,kuy-e-azadegan,4343.0
lahijan,kuy-e-khazar,9342.5
lahijan,layalestan,1765.0
lahijan,lil,7686.0
lahijan,pardesar,12985.0
lahijan,qiyam,2600.0
lahijan,shaqayeq,3400.0
lahijan,sheykh-zahid,10000.0
lahijan,shishegaran,4200.0
lahijan,taleqani,3300.0
lahijan,yusef-abad,1950.0
mashhad,10-day,5929.75
mashhad,17shahrivar,5551.4477124176465
mashhad,Kuy-e-Seyyedi,2337.7175757563637
mashhad,Shahrak-e-Shirin,3375.0
mashhad,Shahrak-e-Taleqani,4610.5625
mashhad,abbas-abad-mashhad,1776.4285714285713
mashhad,abdolmotalleb,3052.236474797357
mashhad,abkuh,5150.333333333333
mashhad,aboutaleb,3078.6725486335076
mashhad,abouzar-mashhad,3017.811437882353
mashhad,adlekhomeinisquare,6553.68085106383
mashhad,ahmadabad,9221.63236390604
mashhad,amel,3553.4545454545455
mashhad,amirabad-mashhad,5558.75
mashhad,amiriyeh-mashhad,3107.004694577039
mashhad,ansar-mashhad,2873.5714285714284
mashhad,arvand,1265.0
mashhad,asgariyeh,2908.777777777778
mashhad,ayatollah-ebadi,3161.690909090909
mashhad,ayatollah-khamenei,7546.428571428572
mashhad,azadshahr,7510.063573840707
mashhad,baharan-mashhad,4514.5
mashhad,baharestan-mashhad,1885.3333333333333
mashhad,bahman,1550.4237405093168
mashhad,bahonar-mashhad,3618.2081575189877
mashhad,balal,1913.8823529411766
mashhad,barqsquare,7883.275862068966
mashhad,beheshti-mashhad,6528.706896551724
mashhad,bolvartoos,1635.6493719773869
mashhad,chahnou,6863.333333333333
mashhad,charbagh,670.0
mashhad,danesh,6716.0185185
mashhad,daneshjoo,6992.000411518518
mashhad,dehnavi,2700.138888875
mashhad,eastgaz,2881.958762886598
mashhad,eidgah,8165.3125
mashhad,elahiyehblvd,3890.04745962491
mashhad,emamkhomeini,6327.096352839695
mashhad,emamreza,6990.017464617886
mashhad,enqelab-mashhad,2397.00222222
mashhad,eqbal,5157.202753618358
mashhad,ershad,7228.653198651516
mashhad,fadak-mashhad,2396.764705882353
mashhad,falakehzed,5924.0625
mashhad,faramarzabbasi,7181.473029045643
mashhad,fareqoltahsilan,6634.1866235145635
mashhad,farhang,8923.523527124555
mashhad,fatemiye,3210.945945945946
mashhad,felestin,9534.55197132258
mashhad,ferdowsi-university-of-mashhad,6366.666666666667
mashhad,ghasemabad,3460.296477394507
mashhad,ghoochan,2148.0606060363634
mashhad,goharshad,6192.153846153846
mashhad,golshour,2291.3333333333335
mashhad,haftetir,6949.8784722215905
mashhad,hashemieh,7844.647154470732
mashhad,hojjat,1220.8767123356165
mashhad,holyshrine,6040.541856924658
mashhad,honarestan,7527.126984126373
mashhad,hoseynabad,3931.982056590062
mashhad,iman,4309.2307692307695
mashhad,isar,3586.025641025641
mashhad,isargaran,1971.7549019607843
mashhad,ivan,2100.0
mashhad,jahedshahr,3943.6812865497077
mashhad,janbaz,3592.1714285666667
mashhad,jannat,5018.217391304348
mashhad,karmandan-e-aval,3231.0
mashhad,karmandan-e-dovom,4913.1578947368425
mashhad,kashmar,2287.658965881188
mashhad,keshavaz,2002.8028613879599
mashhad,khaje-rabi,1939.357544580247
mashhad,kolahdouz,6877.4027778947375
mashhad,koohsangi,7405.359147025252
mashhad,koushesh,6545.7959183673465
mashhad,kuy-e-agha-mostafa-khomeini,2580.0
mashhad,kuy-e-amiralmomenin,2830.853801168421
mashhad,kuy-e-amiralmonmenin,3872.1428571428573
mashhad,kuy-e-bala-khiaban,7274.166666666667
mashhad,kuy-e-daravey,1353.4722222222222
mashhad,kuy-e-karagaran,4331.071428571428
mashhad,kuy-e-kowsar,8024.844124697842
mashhad,kuy-e-mahdi,2717.704761904762
mashhad,kuy-e-nane-razavi,2838.895061722222
mashhad,kuy-e-paein-khiaban,5562.375
mashhad,kuy-e-panj-tan,1511.6304619213483
mashhad,kuy-e-police,2221.6666666666665
mashhad,kuy-e-raddeh,2190.0
mashhad,kuy-e-sarafrazan,3610.6142107768237
mashhad,mahdiabad,1115.377777775
mashhad,majd,4932.5
mashhad,malek-abad-garden,9879.091542283582
mashhad,mashhad-hashemi-nejad-international-airport,5532.685185166666
mashhad,mashhad-international-exhibition,1951.1363636363637
mashhad,mehrabad,2916.8563685609756
mashhad,mohammadabad,3174.464285714286
mashhad,mooud,2111.3333333333335
mashhad,moqadam-mashhad,5101.502923947369
mashhad,mosalla,5435.8488372093025
mashhad,mousavighoochani,3684.509433962264
mashhad,neyzeh,2750.0
mashhad,nofellowshatow,9355.0
mashhad,noghan,8528.333333333334
mashhad,north-shahid-mottahari,3322.87016229588
mashhad,north-tabars,1556.3179757372611
mashhad,onsori,6521.2
mashhad,panj-tan-al-e-abba,1584.1512605042017
mashhad,pardis-mashhad,3338.8636363636365
mashhad,parvin-etesami,4470.14705882353
mashhad,poursina,1611.2
mashhad,rahahan,4789.108187131579
mashhad,rahnamaei,7299.090909090909
mashhad,rajaee,1752.0748971185185
mashhad,resalat-mashhad,1657.2512437798507
mashhad,rezaieyeh,4529.848371428571
mashhad,rezashahr,7445.732179359051
mashhad,robat-e-Toroq,3248.6192810441175
mashhad,sadaf,5124.6873015857145
mashhad,sadi,5522.75
mashhad,sadjadshahr,11136.372969459064
mashhad,sajadieh,4849.0
mashhad,salam,4560.833333333333
mashhad,samarghand,3997.3529411764707
mashhad,samen,2821.875
mashhad,sanabad,7290.1873015857145
mashhad,sattari,6080.829787234043
mashhad,sayyadshirazi,4763.672669220689
mashhad,sepad,2523.574074064815
mashhad,shafa,2344.4920634920636
mashhad,shahid-avini-mashhad,2700.9137931034484
mashhad,shahid-honarvar,2761.0944881968503
mashhad,shahid-maqoul,2215.8333333333335
mashhad,shahid-qorbani,1730.3225806451612
mashhad,shahrak-e-abuzar,3630.0
mashhad,shahrak-e-chahar-cheshmeh,6261.938775510204
mashhad,shahrak-e-hashmenizhad,6477.142857142857
mashhad,shahrak-e-niru-ye-havayi,6525.041237113402
mashhad,shahrara-mashhad,4486.118421052632
mashhad,shiroudi,4545.522358117647
mashhad,sis-abad,1173.1920438950617
mashhad,southmotahhari,5721.757575757576
mashhad,tabarsi,3499.410430836735
mashhad,telgerd,2566.842105263158
mashhad,tollab,3166.268722072386
mashhad,torbatheydarieh,1627.7394179761905
mashhad,toroq,1656.6378066363636
mashhad,vahid-mashhad,2224.3548387096776
mashhad,vakilabad,6609.262084687645
mashhad,valiasr-mashhad,2788.4074074
qom,15khordad,3873.8168010424242
qom,Salarieh,9086.693957114034
qom,amin,4581.225225225226
qom,ammareyaser,4325.445945945946
qom,ansar,3220.4166666666665
qom,attaran,6960.182648397261
qom,azadegan-qom,4555.993490456522
qom,azar,2950.3870197627116
qom,bajak,5885.969026548672
qom,beheshti,2969.0058479473682
qom,bonyad,5830.452209918819
qom,danial,4864.960219444444
qom,dourshahr,5840.75
qom,emam,3939.8760082199997
qom,emamzadehebrahim,2841.8617998140494
qom,enqelab-ghom,4220.328571428571
qom,ensejam,5148.580720503333
qom,golzar,5432.307692307692
qom,haftetir-ghom,2953.260317457143
qom,haram,6227.620915029412
qom,honarestan-ghom,6024.954960925926
qom,jomhoori,5742.962537241379
qom,kalhori,3325.1574299579443
qom,kashani,2585.8862433809522
qom,keyvanfar,3279.6345031315786
qom,modarres,3377.1802935
qom,pardisan-ghom,2450.598558683782
qom,payamenoor,3674.4744744729733
qom,police,2946.1528265087723
qom,qods,6683.068808795834
qom,safaeieh,5722.961625041667
qom,safashahr,5351.5103942580645
qom,somayyeh,5789.782608695652
qom,tohid-ghom,3297.175735664384
qom,yazdanshahr,4235.714285714285
qom,zanbilabad,6145.049409164286
rasht,abasiab,2750.0
rasht,ali-abad,5642.782608695652
rasht,amin-zarb,3479.5151515151515
rasht,ansari,4958.762589928057
rasht,bagher-abad,3855.8333333333335
rasht,bousaar,4509.575757575758
rasht,charrah-golsaar,4264.007309934211
rasht,cheleh-khaneh,3678.6785714285716
rasht,chomaar-saraa,3773.5897435897436
rasht,dabaghian,5200.0
rasht,deylaman-rasht,7833.900000000001
rasht,diyanati,2595.1666666666665
rasht,dokhaniyat,1550.0
rasht,esmaeil-abad,3834.6492473096773
rasht,esteghamat,3146.0714285714284
rasht,eynak,2465.337125748503
rasht,faxab,550.0
rasht,gaaz,3037.0775862068967
rasht,ghasemiyeh,2675.0
rasht,gholipour,4014.832335323353
rasht,gil,2570.0
rasht,gilan-blvd,6853.517182242819
rasht,golbagh-namaz,5544.456770833333
rasht,golsaar,7887.316738813853
rasht,golzaran,2200.0
rasht,haaji-abad,3668.6111112500002
rasht,hafez-abad,2813.4210526315787
rasht,hamidiyan,1855.7048381697416
rasht,hosein-abad,5258.5
rasht,jamaran-rasht,1850.0
rasht,jihad,4700.0
rasht,kaktus,12985.0
rasht,kouye-hoseini,2610.121962341463
rasht,kuy-bayani,5300.0
rasht,kuy-erfan,4000.0
rasht,kuy-mehr-rasht,1800.0
rasht,kuy-qlam-niya,3115.0
rasht,lakan,2633.3333333333335
rasht,lakani,4530.278632476923
rasht,maaloolin,2036.8011695894738
rasht,manzariyeh,5005.341321712418
rasht,moalem,5378.792236736182
rasht,mofateh,1941.718294040404
rasht,namjoo,9500.0
rasht,navaab,5400.357142857143
rasht,naxodchar,4000.0
rasht,nazari,2644.198275862069
rasht,nikmaraam,3921.0
rasht,nikmaram,6900.0
rasht,niroo-daryaee,2694.698113207547
rasht,ostad-saraa,4710.909090909091
rasht,park-e-shahr,5190.9719444444445
rasht,pir-kola-chay,2493.2313762613635
rasht,pirsaraa,6446.5
rasht,pol-e-aragh,3527.5
rasht,pol-taleshan,2481.331128582697
rasht,postak,4800.0
rasht,raazi,4782.142857142857
rasht,rasht-azadegan,3749.8401083902436
rasht,rasht-bazaar,5258.177387894737
rasht,rasht-emam-hossein,2321.4463087248323
rasht,rasht-felestin,2824.7962025316456
rasht,rasht-motahari,4369.283255084507
rasht,rasht-poursina,3676.818181818182
rasht,rasht-rashtian,3441.1009640045663
rasht,rasht-resalat,2924.032258064516
rasht,roudbari,4105.5000296
rasht,saadi,4195.30756097561
rasht,saam,4067.9738562058824
rasht,saghari-sazaan,3167.633333333333
rasht,shahriyaran,4050.5
rasht,shalkou,3763.8194444375
rasht,shohada,2895.3218029339623
rasht,sia-estalkh,1899.4255319148936
rasht,soleyman-daraab,1719.4
rasht,takhti,4116.194444442308
rasht,toushiba,2886.20367453937
rasht,volox,3250.0
rasht,yakhsaazi,2926.3057324840765
shiraz,abiverdi,6909.240464343284
shiraz,abjavar,3039.5807342105263
shiraz,abunasr,4601.4522691690145
shiraz,abyari,4709.3197278775515
shiraz,afifabad,11130.90909090909
shiraz,ahmad-abad,4302.758620689655
shiraz,ahmadi,3888.076923076923
shiraz,ali-abad-shiraz,1278.6363636363637
shiraz,amirkabirblvd,4038.8851851764707
shiraz,arian-town,7025.590413941177
shiraz,atlasi,6436.071345814815
shiraz,azadisq,8312.5
shiraz,bagh-e-takht,4645.2222222
shiraz,bala-kaft,2873.8888888888887
shiraz,banihashemi,3271.153846153846
shiraz,barbari-terminal,5472.168458774194
shiraz,bazaar-shiraz,8205.895061722222
shiraz,berijestoon,4410.879629625
shiraz,besat,7703.580246911111
shiraz,bezin-town,7654.558823529412
shiraz,bonakdaran,4419.545454545455
shiraz,chencheneh,10581.727272727272
shiraz,chogha,3862.532435363636
shiraz,chogiah,9115.47619047619
shiraz,dabbagh-khaneh,2929.5125
shiraz,darvazeh-isfahan,4691.875
shiraz,darvazeh-kazeroon,5945.786786783784
shiraz,dasht-chenaran,3608.0
shiraz,dastkhezr,2599.3055555416668
shiraz,deh-pialeh,1966.2
shiraz,derki,5980.001969958333
shiraz,dinakan,8876.785714285714
shiraz,dokuhak,4736.103174595238
shiraz,dowran,3286.3526570000004
shiraz,dozak,4045.55
shiraz,eastghoddusi,9998.381708238096
shiraz,edalatblvd,5272.281159417391
shiraz,emam-hosein,3867.0
shiraz,eram-shiraz,9092.488162293334
shiraz,eshagh-beyg,3400.0
shiraz,eslahnejad,6735.282651070175
shiraz,fajr-town,4201.666666666667
shiraz,farhangian-shiraz,5011.123640659574
shiraz,farhangshahr,9125.152002427523
shiraz,farzanegan,4494.102132434344
shiraz,fazilatblvd,4950.141212359551
shiraz,fazl-abad,5980.304131051283
shiraz,fergaz,4587.380787036458
shiraz,ghale-no,1704.6315789473683
shiraz,ghaleh-ghebleh,3703.3333333333335
shiraz,ghaleh-shahzadeh-bagom,5443.555555555556
shiraz,god-araban,4629.375
shiraz,goldasht-moaliabad,6981.836437211382
shiraz,goldasht-mohammadi,8505.0
shiraz,goldasht-shiraz,5411.0
shiraz,goldashthafez,6551.5627204375
shiraz,golestan,4801.672558134884
shiraz,golkoub,4716.764705882353
shiraz,golshan,6693.625
shiraz,gouyom,3187.04643214
shiraz,hafeziyeh,5453.51405140404
shiraz,haft-tanan,5855.5
shiraz,hojat-abad,2132.766666666667
shiraz,hossein-abad,5782.238562088235
shiraz,hoveyzeh,4910.0
shiraz,jamaran-shiraz,5463.333333333333
shiraz,janbazan,4326.777777777777
shiraz,javadiyeh-shiraz,4352.857142857143
shiraz,jomhouriblvd,8126.568627450981
shiraz,kaftarak,1579.7685689277107
shiraz,karandish,4607.368421052632
shiraz,khalili,6945.601851833333
shiraz,kholbarin,8546.727969344827
shiraz,kian-shahr-shiraz,7125.0
shiraz,kimia-villa-complex,6711.0925925833335
shiraz,kolbeh,5680.930718952941
shiraz,koozehgari,2776.6152263
shiraz,koshkek,1458.3108017956988
shiraz,kuy-azadi,2680.0
shiraz,kuy-farhangian-shiraz,4461.724137931034
shiraz,kuy-ghozat,12820.833333333334
shiraz,kuy-sang-siah,4533.333333333333
shiraz,kuy-tollab,4683.181818181818
shiraz,kuy-valiasr,6931.84444444
shiraz,kuy-yas,10871.42857142857
shiraz,kuyezahra,4371.832433104167
shiraz,lab-e-ab,2906.65625
shiraz,laleh,6332.00396825
shiraz,lashkari,3189.285714285714
shiraz,mah-firouzan,1869.8907103770491
shiraz,mahdi-abad,6749.166666666667
shiraz,mahdiyeh,6494.130434782609
shiraz,mahmoudieh,10191.0
shiraz,mansoor-abad,7614.166666666667
shiraz,maqar,6528.25
shiraz,mehrab,4078.9523809523807
shiraz,mehregan,1687.646031742857
shiraz,mianrood,2138.3952393744
shiraz,moaliabad,9160.750909599497
shiraz,modarresblvd,4450.249512666667
shiraz,mohammadiyeh-shiraz,3406.4316238846154
shiraz,mollasadra,6993.0737575128205
shiraz,moslem,3278.0
shiraz,motahharitown,4920.64705882353
shiraz,narenjestan,3238.5069444375
shiraz,nasr-abad,2422.1428571428573
shiraz,neshat-shiraz,5569.545454545455
shiraz,niayesh,11027.190775679244
shiraz,north-shahrak-golestan,6319.153846153846
shiraz,pardis-of-eram,10023.333333333334
shiraz,pardis-town,2027.77777775
shiraz,parvaztown,5760.131578947368
shiraz,pay-kata,3103.529411764706
shiraz,pdonak,5525.65020575926
shiraz,qasrdasht,11124.82921265563
shiraz,qasre-qomsheh,3285.220007454546
shiraz,rahmat-abad,9204.6875
shiraz,rahmatblvd,4305.296296288889
shiraz,rezvan,5225.707070704546
shiraz,rishmak,6519.34274074
shiraz,saadiyeh,2342.9259259102564
shiraz,sadicinema,6726.950617272728
shiraz,saheb-al-zaman-shiraz,6620.555555555556
shiraz,saheb-divan,4000.0
shiraz,sahl-abad,2161.1944444444443
shiraz,sait-edari,5000.0
shiraz,sajjadieh,4003.867283944445
shiraz,saman,1969.4178082191781
shiraz,sar-bagh,6548.0555555
shiraz,sattarkhan-shiraz,10497.16806722689
shiraz,seraj,4488.018010161765
shiraz,shah-gholi-beigi,5030.222222222223
shiraz,shah-square,2750.0
shiraz,shahid-amiri,6246.666666666667
shiraz,shahid-bahonar-university,3750.0
shiraz,shahrak-bahonar,8174.0
shiraz,shahrak-bargh,4087.5
shiraz,shahrak-e-mokhaberat,4856.728395055556
shiraz,shahrak-e-shahid-navvab-e-safavi,2383.9514403142857
shiraz,shahrak-erfan,7800.0
shiraz,shahrak-golha-shiraz,2739.0079365039683
shiraz,shahrak-imam-hossein,6884.166666666667
shiraz,shahrak-isar,7528.260869565217
shiraz,shahrak-mahdiabad,3067.375
shiraz,shahrak-modares,3947.5261158076923
shiraz,shahrak-nirou-entezamie,7345.416691666666
shiraz,shahrak-valiasr,5848.818057778846
shiraz,shahrakebeheshti,6638.222012577358
shiraz,shahrakeroknabad,3416.5317460285714
shiraz,sharak-e-sadi,1633.1971830985915
shiraz,sharif-abad,3311.5955982072073
shiraz,sheikh-ali-choupan,2146.010067333333
shiraz,shiraz-cemetery,2373.3471754242423
shiraz,shishehgari,2729.2
shiraz,siloo,12842.5
shiraz,tachara,8653.670970260564
shiraz,tahavoli,5581.477272727273
shiraz,tal-e-hosseinabad,1840.0
shiraz,talkh-e-dash,6950.0
shiraz,tappeh-telviziyoun,7469.0
shiraz,tondgooyan,5427.461538461538
shiraz,torkan,2626.0
shiraz,valfajr,5688.61168384536
shiraz,vazir-abad,2873.795751632353
shiraz,vesal,6880.980392156863
shiraz,west-moshir,8447.5
shiraz,westghoddusi,10340.870020962264
shiraz,zand,6948.7964833333335
shiraz,zargari,10615.740740736843
shiraz,zerehi,7364.006694482394
shiraz,zibashahr,2650.817901222222
talesh,hashtpar,3811.25
talesh,jokandan,1300.0
talesh,taalesh,3450.0
talesh,toularoud,2500.0
tehran,abbas-abad,10206.382915172042
tehran,abdol-abad,5393.3785322345675
tehran,abdollah-abad,6743.5
tehran,aboozar,10097.108884150502
tehran,abouzar,6697.670210329629
tehran,abshar,5358.372279494845
tehran,abshar-tehran,5743.430720898809
tehran,afsariyeh,5326.153403403154
tehran,aghdasieh,12145.498328182292
tehran,ahang,5522.955882352941
tehran,ajoodanieh,10557.958419294479
tehran,almahdi,8111.021276595745
tehran,amaniyeh,12537.275555554284
tehran,aminhozour,7401.666666666667
tehran,amir-abad,12086.427135678392
tehran,amir-bahador,4969.168316831683
tehran,amiriyeh,3869.6914814814813
tehran,andisheh,2975.683185898673
tehran,araj,11574.62962962963
tehran,aramaneh,4959.678843226027
tehran,ararat,8861.75
tehran,aref,4687.509090890909
tehran,arjantin,8810.75333333
tehran,aseman,11489.87480438028
tehran,ashtiyani,7393.725490196079
tehran,atabak,3580.408653846154
tehran,azad-shahr,7388.8782178217825
tehran,azadi-sport-complex,6807.032343986301
tehran,azarbaijan,4767.11885247541
tehran,azari,3610.7800159856115
tehran,bagh-ferdows,11113.26923076923
tehran,bagh-feyz,8344.401484479757
tehran,bagh-khazaneh,4624.5863247846155
tehran,bahar,8366.83448275862
tehran,baharan,8748.541666666666
tehran,baharestan,5478.8317757009345
tehran,bahman-yar,5811.6875
tehran,baq-e-azari,4791.879310344828
tehran,baq-e-rezavan,6797.5
tehran,baqerkhan,10117.989782885057
tehran,bazaar,8126.302178647059
tehran,behdasht,4345.241912797468
tehran,behjat-abad,10262.1
tehran,beryanak,3366.0728326089384
tehran,bisim,3695.641025641026
tehran,bolursazi,3631.0
tehran,bolvar-e-keshavarz,8651.532797855421
tehran,central-janat-abad,9065.656161615758
tehran,charsad-dastgah,4956.091397849463
tehran,chitgar,5026.5398002156135
tehran,chitgar-lake,7114.078241588074
tehran,chizar,12076.128086416667
tehran,dabestan,7210.012345677777
tehran,darabad,10425.874704489363
tehran,darakeh,11766.521739130434
tehran,darb-dowom,12368.3
tehran,darband,11219.324324324325
tehran,dardasht,7209.584158415842
tehran,darrous,12488.964181285088
tehran,darvazeh-shemiran,7233.824463117647
tehran,darya,11947.72906764567
tehran,daryan-no,10181.146127945454
tehran,dehkade-olympic,9481.018308079545
tehran,dehqan,6093.306451612903
tehran,dezashib,12622.85285285135
tehran,dolat-abad,5340.018945932642
tehran,dolatkhah,3459.5933333333332
tehran,doolab,3343.972972972973
tehran,dr-hoshyar,5631.321294455269
tehran,east-saleh-abad,10136.666666666666
tehran,east-shareq,5578.421367521368
tehran,east-tehranpars,4836.102983375215
tehran,ebn-babevayh,4140.2
tehran,ebrahim-abad,2907.4444444444443
tehran,eivanak,12410.591985426228
tehran,ekbatan,9163.941647768708
tehran,ekhtiyariyeh,12192.539357409922
tehran,elahiyeh,12368.7858753147
tehran,elm-o-sanat,7346.11820330851
tehran,emam-hossein,4418.9444444411765
tehran,emamzade-ghasem,12850.833333333334
tehran,enqelab,6916.477611940299
tehran,eram,7701.964285958334
tehran,esfandyari,5548.577777777778
tehran,eshrat-abad,6849.1016949152545
tehran,eskandari,4060.4755178898304
tehran,eslam-abad,4611.8772727272735
tehran,estakhr,6188.217410322834
tehran,etehad,3787.4058823529413
tehran,evin,11313.91304347826
tehran,fadak,7498.2054794520545
tehran,fallah,3747.2755334801327
tehran,farah-abad,5944.938271604939
tehran,farahzad,7140.357142857143
tehran,farmaniyeh,12676.33120113646
tehran,fath,7618.888888888889
tehran,ferdowsi,7970.24
tehran,firoozabadi,5934.641577056452
tehran,gandi,10952.96875
tehran,ghanat-kosar,8773.764705882353
tehran,gholhak,12123.347457627118
tehran,gisha,11873.771829133173
tehran,golab-dareh,6292.727272727273
tehran,golchin,4480.068965517241
tehran,gomrok,3460.2728700424027
tehran,hafezie,7426.338028169014
tehran,haft-hoz,8781.98345153617
tehran,haftchenar,3774.6414473684213
tehran,hakimiyeh,7829.377151798122
tehran,hamzeh-abad,5492.034545454546
tehran,hasan-abad-baqer-far,4550.426900578947
tehran,hasan-abad-shomali,9569.926282048076
tehran,hashem-abad,2931.3603988589743
tehran,hashemi,4228.948347601671
tehran,hassan-abad,5115.789473684211
tehran,havanirooz,8618.780952380952
tehran,hekmat,12391.96727549315
tehran,heravi,12155.340763255319
tehran,hesar-booali,12460.405405405405
tehran,heshamatiyeh,7233.879879878377
tehran,hezarsang,12558.57142857143
tehran,hor-square,5232.070707068182
tehran,imam-sajjad,4662.7027027027025
tehran,imamzadeh-hasan,3660.542056074766
tehran,iranshahr,8779.494255447762
tehran,jaberi,4127.5
tehran,jahad,11169.2
tehran,jalili,3681.641176470588
tehran,jamalzadeh,7137.786021505376
tehran,jamaran,12531.132075471698
tehran,javadiyeh,3634.0710638297874
tehran,javadiyeh-tehran-pars,4598.815789473684
tehran,javanmard-e-ghasab,4239.766884529412
tehran,jey,3699.191891891892
tehran,jeyhoun,4044.511110401434
tehran,jomhouri,5951.332484365854
tehran,jordan,12421.817771084337
tehran,kamraniyeh,12614.870689655172
tehran,kan,6514.589371978261
tehran,karevan,3614.5643564356437
tehran,karim-abad,2441.4666666666667
tehran,kashanak,10851.609756097561
tehran,kazem-abad,8570.409523809523
tehran,khaje-nezam-molk,4555.945
tehran,khak-sefid,4557.0
tehran,khalij-e-fars,4413.6079137073175
tehran,khani-abad,3201.828124984375
tehran,khani-abad-no,5505.526077095238
tehran,khavaran,3791.5172413793102
tehran,khazaneh,4638.792307692308
tehran,kooy-e-bimeh,7268.045454545455
tehran,kooy-e-ferdos,8478.819211145577
tehran,kooye-e-hefdahom-e-shahrivar,3966.5503947368425
tehran,kosar,3729.75
tehran,kuhak,10066.636061946903
tehran,kuy-faraz,10582.5
tehran,kuy-nobonyad,12985.0
tehran,lavizan,7467.876404494382
tehran,mahmoodiyeh,12805.014430012987
tehran,majid-abad,7373.296296294117
tehran,majidiyeh,5921.425822469273
tehran,makhsous,4253.31443298969
tehran,malek-abad,2044.0
tehran,mansouriyeh,4660.639730636364
tehran,marzdaran,11239.680168219124
tehran,masoudieh,3989.3512396694214
tehran,mehrabad-airport,3482.2727272727275
tehran,mesgar-abad,3805.5800000000004
tehran,mina,4282.247191011236
tehran,minabi,3430.472222222222
tehran,mirdamad,12438.223459538975
tehran,mobarak-abad-e-beheshti,2972.3959948313955
tehran,molavi,4047.503575988506
tehran,moniriyeh,6394.073033707865
tehran,moqadam,3271.1666666666665
tehran,morad-abad,5540.0
tehran,moshiriyeh,4569.505836683168
tehran,motahari,10518.158730157142
tehran,nabi-akram,5334.0344827586205
tehran,narmak,8066.807865168539
tehran,nazi-abad,5610.501932365218
tehran,nejatollahi,9212.867867864865
tehran,nemat-abad,4731.096476963415
tehran,nezam-abad,4866.6661350334925
tehran,niavaran,12563.269593682842
tehran,niloufar,11876.85072064427
tehran,niroo-havayi,8692.70272904386
tehran,north-janat-abad,8689.160555555
tehran,north-karegar,10590.63448275862
tehran,north-shahran,8681.28123711134
tehran,north-sohrevardi,10152.888646789215
tehran,nosrat,8685.018691588784
tehran,oghaf,6680.7338709677415
tehran,ostad-moein,5019.932599265766
tehran,ozgol,11318.265306115647
tehran,pamenar,6974.0811965769235
tehran,parastar,7129.565656564935
tehran,parvaz,12075.666666666666
tehran,pasdaran,12299.834254650083
tehran,pirouzi,5336.2842983826295
tehran,poonak,9414.693139996454
tehran,qalamestan,4037.96875
tehran,qasemabad,6847.081632653061
tehran,qasr-e-firooze-do,2900.0
tehran,qasr-e-firoozeh-yek,1205.0
tehran,qeytariyeh,12649.29537037
tehran,qezel-qaleh,10549.851851851852
tehran,qiam,5562.826829268292
tehran,qiamdash,3467.4679012333336
tehran,qoba,12584.435483870968
tehran,saadat-abad,12103.347817080075
tehran,sabalan,4113.598070736334
tehran,sad-dastgah,5978.671875
tehran,sadeghiyeh,8973.11442236755
tehran,saeed-abad,4180.2307692307695
tehran,safaiye,4375.0
tehran,saheb-al-zaman,4754.7724230240965
tehran,salamat,3520.4285714285716
tehran,sanglaj,4898.380281690141
tehran,sar-asiyab-mehr-abad,4774.410256410257
tehran,sarasiab-doolab,3788.25396825
tehran,sarsabil,4141.098993355705
tehran,sarsabz,8557.745901639344
tehran,sartakht,6400.4098360655735
tehran,sattarkhan,9456.885435435135
tehran,sazamn-barnameh,8556.049198451741
tehran,sazman-ab,8665.414389799182
tehran,sepehr,12284.83266398795
tehran,seyed-khandan,11016.870951668161
tehran,shabiri,4640.984126984127
tehran,shadabad,3974.9489795918366
tehran,shadman,9021.226718046242
tehran,shahadat,4883.153846153846
tehran,shaharak-e-esteqlal,7000.8148148
tehran,shaharak-e-moslemin,4938.424242424242
tehran,shaharak-e-sharifi,10492.5
tehran,shaharak-e-shariyati,5344.332063485715
tehran,shahed,5292.068965517241
tehran,shahid-asadi,4854.540540540541
tehran,shahid-avini,4822.839285714285
tehran,shahid-borujerdi,4454.166666666667
tehran,shahid-dastgheyb,4582.555555552632
tehran,shahid-navab-safavi,3355.94921875
tehran,shahin,9462.398648648648
tehran,shahr-e-ziba,3540.252511620783
tehran,shahrak-daneshgah-tehran,4179.557070704545
tehran,shahrak-daneshgahi,2932.6666666666665
tehran,shahrak-e-aboozar,3771.7391304347825
tehran,shahrak-e-apadana,7202.958333333333
tehran,shahrak-e-azadi,6254.162745098039
tehran,shahrak-e-cheshmeh,9326.13131312987
tehran,shahrak-e-darya,6608.090909090909
tehran,shahrak-e-emamkhomeyni,4348.9875
tehran,shahrak-e-ferdows,3879.044166197183
tehran,shahrak-e-gharb,12250.15384615077
tehran,shahrak-e-ghazali,4831.166666666667
tehran,shahrak-e-jandarmeri,11702.904761959184
tehran,shahrak-e-kianshahr,4117.880904856287
tehran,shahrak-e-koohsar,7448.6111110769225
tehran,shahrak-e-mahalati,9543.676470588236
tehran,shahrak-e-omid,9753.737373727274
tehran,shahrak-e-parvaz,7726.961904761904
tehran,shahrak-e-takhti,5270.5142857142855
tehran,shahrak-e-taleghani,4011.135802466667
tehran,shahrak-e-vali-e-asr,4187.982845638514
tehran,shahrak-e-vilashahr,6501.458333333333
tehran,shahrak-farhangian,5473.75
tehran,shahrak-golha,9343.333333333334
tehran,shahrak-naft,12193.796296296296
tehran,shahrak-naft-district5,9130.015325668965
tehran,shahrak-pasdaran,7004.714285714285
tehran,shahrak-shahid-bagheri,6183.835294117647
tehran,shahrak-valfajr,11253.666666666666
tehran,shams-abad,9248.52737127317
tehran,shamshiri,4252.439130608696
tehran,sharara,10296.597221404412
tehran,sharif,7596.057359915384
tehran,sharifabad,3680.11154726087
tehran,shemiran-no,4070.2083333333335
tehran,sheykh-al-raeis,3930.5194805194806
tehran,sheykh-hadi,6251.7441860465115
tehran,shian,11239.181818181818
tehran,shirazi,11523.333333333334
tehran,shiva,4143.555555555556
tehran,shokoofeh,4995.12
tehran,shoosh,4233.968
tehran,sirous,5343.183421428571
tehran,sizdah-aban,4571.098971805971
tehran,sohanak,11369.136690647481
tehran,soleymani,3384.572881355932
tehran,soleymanieh,4225.871794871795
tehran,sorkhe-hesar,4855.346153846154
tehran,south-ali-abad,3961.5875
tehran,south-deylaman,6246.917439608696
tehran,south-janat-abad,9696.050874373348
tehran,south-mehrabad,4437.8441127686565
tehran,south-narmak,6446.158273381295
tehran,south-shahran,8489.54880449789
tehran,tajrish,10215.426764197531
tehran,tarasht,7681.47746004145
tehran,taslihat,4511.511450381679
tehran,tavanir,11917.142857142857
tehran,taxirani,5865.277777777777
tehran,tayeb,3267.633663366337
tehran,tehran-emamat,7709.916666666667
tehran,tehran-gorgan,4690.525862068966
tehran,tehran-hesarak,4282.727272727273
tehran,tehran-hosein-abad,12410.919540229885
tehran,tehran-iran,7638.842857142857
tehran,tehran-jolfa,11565.440379402438
tehran,tehran-kerman,5955.540213853556
tehran,tehran-khaghani,10092.135135135135
tehran,tehran-lashkar,4515.0142450128205
tehran,tehran-no,7107.108773965036
tehran,tehran-police,7417.459459459459
tehran,tehran-shandiz,4768.490196078431
tehran,tehran-university,8483.625
tehran,tehran-zanjan,4638.047923322683
tehran,tehransar,5044.65995471179
tehran,tehranvila,9766.260416666666
tehran,tohid,9044.265625
tehran,tolid-daroo,4479.401952209302
tehran,tous,5018.170731707317
tehran,university-of-sharif,7598.322033898305
tehran,vahidiyeh,4205.658878504673
tehran,valiasr,7837.454285714286
tehran,vanak,11868.984643178861
tehran,vanak-village,6495.0
tehran,vardavard,5111.082840236686
tehran,vasfenard,3485.0081967213114
tehran,velenjak,12638.49101090451
tehran,west-shahrak-e-golestan,9650.743853233895
tehran,west-tehranpars,8449.822887969009
tehran,yaftabad,3373.3805035294117
tehran,yakhchi-abad,5723.966013070588
tehran,yousef-abad,11998.414573818492
tehran,zafar,12085.750385802085
tehran,zafaraniyeh,12536.110346853615
tehran,zahed-gilani,4791.649122807017
tehran,zahir-abad,4519.289142851429
tehran,zamzam,3374.3888888888887
tehran,zargandeh,11620.925925925925
tehran,zarkesh,4982.322580645161
tehran,zehtabi,3627.1481481458336
tehran,zeynabeiyeh,4000.0
